{
  "id": 6,
  "title": "【現在樂識混沌妄想劇場】ルナマリアふたなり化",
  "author": "現在樂識",
  "posted_at": "2010年7月29日 23:24",
  "word_count": 6126,
  "bookmark_count": 136,
  "tags": [
    "R-18",
    "現在樂識混沌妄想劇場",
    "SS",
    "ルナマリア",
    "ふたなり",
    "超根",
    "巨玉",
    "機動戦士ガンダムSEEDDESTINY",
    "ルナマリア・ホーク",
    "オナニー"
  ],
  "file_path": "C:\\Users\\kym23\\AppData\\Local\\Programs\\pixiv\\pixiv_novels\\text_date\\00006.txt"
}