{
  "id": 4,
  "title": "人間牧場・慧音の一日（２）",
  "author": "ひととせ",
  "posted_at": "2010年7月29日 19:04",
  "word_count": 5501,
  "bookmark_count": 80,
  "tags": [
    "R-18",
    "慧音",
    "咲夜",
    "ふたなり",
    "東方悪堕ち",
    "東方小説10users入り",
    "上白沢慧音",
    "十六夜咲夜",
    "悪堕ち"
  ],
  "file_path": "C:\\Users\\kym23\\AppData\\Local\\Programs\\pixiv\\pixiv_novels\\text_date\\00004.txt"
}