{
  "id": 1,
  "title": "ふたなり諏訪子のコンニャク自慰",
  "author": "喚く狂人",
  "posted_at": "2010年7月29日 16:39",
  "word_count": 5778,
  "bookmark_count": 251,
  "tags": [
    "R-18",
    "東方",
    "洩屋諏訪子",
    "八坂神奈子",
    "ふたなり",
    "オナニー",
    "こんにゃく",
    "洩矢諏訪子",
    "東方Project",
    "最古シリーズ"
  ],
  "file_path": "C:\\Users\\kym23\\AppData\\Local\\Programs\\pixiv\\pixiv_novels\\text_date\\00001.txt"
}