{
  "id": 8,
  "title": "地底淫魔異変~The Succubus from Jealous",
  "author": "ざくろ舞",
  "posted_at": "2010年7月30日 18:27",
  "word_count": 10208,
  "bookmark_count": 58,
  "tags": [
    "R-18",
    "東方",
    "東方悪堕ち",
    "水橋パルスィ",
    "星熊勇儀",
    "東方小説10users入り",
    "【同人再録】",
    "東方Project",
    "ふたなり"
  ],
  "file_path": "C:\\Users\\kym23\\AppData\\Local\\Programs\\pixiv\\pixiv_novels\\text_date\\00008.txt"
}