{
  "id": 19,
  "title": "八雲紫のセルフセックス",
  "author": "喚く狂人",
  "posted_at": "2010年8月18日 17:49",
  "word_count": 10238,
  "bookmark_count": 259,
  "tags": [
    "R-18",
    "東方",
    "八雲紫",
    "八雲藍",
    "ふたなり",
    "セルフフェラ",
    "兜合わせ",
    "セルフセックス",
    "自分姦",
    "東方Project"
  ],
  "file_path": "C:\\Users\\kym23\\AppData\\Local\\Programs\\pixiv\\pixiv_novels\\text_date\\00019.txt"
}