{
  "id": 10,
  "title": "熱い熱いとろとろのチョコレートをたっぷりと掛けて",
  "author": "つつじー",
  "posted_at": "2010年8月3日 02:45",
  "word_count": 27813,
  "bookmark_count": 231,
  "tags": [
    "R-18",
    "東方",
    "妹紅",
    "輝夜",
    "ふたなり",
    "東方小説30users入り",
    "藤原妹紅",
    "蓬莱山輝夜",
    "東方Project",
    "てるもこ"
  ],
  "file_path": "C:\\Users\\kym23\\AppData\\Local\\Programs\\pixiv\\pixiv_novels\\text_date\\00010.txt"
}