{
  "id": 17,
  "title": "姉さまはいつもお堅くて　第一話　後編",
  "author": "扉行広",
  "posted_at": "2010年8月15日 16:43",
  "word_count": 10639,
  "bookmark_count": 199,
  "tags": [
    "R-18",
    "ふたなり",
    "百合?",
    "オリジナル",
    "年下攻め",
    "オリジナルR-18小説100users入り",
    "ファンタジー",
    "女×ふた"
  ],
  "file_path": "C:\\Users\\kym23\\AppData\\Local\\Programs\\pixiv\\pixiv_novels\\text_date\\00017.txt"
}