{
  "id": 16,
  "title": "姉さまはいつもお堅くて　第一話　前編",
  "author": "扉行広",
  "posted_at": "2010年8月14日 23:25",
  "word_count": 6412,
  "bookmark_count": 921,
  "tags": [
    "R-18",
    "ふたなり",
    "オリジナル",
    "百合小説500users入り",
    "百合",
    "オリジナルR-18小説500users入り",
    "ファンタジー",
    "オナニー"
  ],
  "file_path": "C:\\Users\\kym23\\AppData\\Local\\Programs\\pixiv\\pixiv_novels\\text_date\\00016.txt"
}