{
  "id": 18,
  "title": "姉さまはいつもお堅くて　第二話",
  "author": "扉行広",
  "posted_at": "2010年8月18日 01:39",
  "word_count": 6862,
  "bookmark_count": 124,
  "tags": [
    "R-18",
    "ふたなり",
    "フェラ",
    "公開射精",
    "オリジナル",
    "百合",
    "百合小説50users入り",
    "ファンタジー",
    "羞恥"
  ],
  "file_path": "C:\\Users\\kym23\\AppData\\Local\\Programs\\pixiv\\pixiv_novels\\text_date\\00018.txt"
}