{
  "id": 15,
  "title": "悪魔？が来たりて逆レイプする。",
  "author": "けもさわこういち",
  "posted_at": "2010年8月12日 20:52",
  "word_count": 20981,
  "bookmark_count": 721,
  "tags": [
    "R-18",
    "一次創作",
    "バフォメット",
    "逆レイプ",
    "逆アナル",
    "ふたなり",
    "オリジナル",
    "続編期待",
    "雌クリーチャー",
    "オリジナルR-18小説500users入り"
  ],
  "file_path": "C:\\Users\\kym23\\AppData\\Local\\Programs\\pixiv\\pixiv_novels\\text_date\\00015.txt"
}