{
  "id": 11,
  "title": "ウィン陥落～サイキックの進撃～",
  "author": "ヤドカリ",
  "posted_at": "2010年8月4日 07:17",
  "word_count": 7460,
  "bookmark_count": 51,
  "tags": [
    "R-18",
    "遊戯王",
    "ウィン",
    "調教",
    "ふたなり",
    "洗脳",
    "風霊使いウィン",
    "マジカル・アンドロイド",
    "遊戯王OCG"
  ],
  "file_path": "C:\\Users\\kym23\\AppData\\Local\\Programs\\pixiv\\pixiv_novels\\text_date\\00011.txt"
}