{
  "id": 22,
  "title": "姉さまはいつもお堅くて　第三話",
  "author": "扉行広",
  "posted_at": "2010年8月25日 14:26",
  "word_count": 12469,
  "bookmark_count": 136,
  "tags": [
    "R-18",
    "オリジナル",
    "ファンタジー",
    "ふたなり",
    "膣内射精",
    "お風呂プレイ",
    "手コキ",
    "匂いフェチ",
    "百合",
    "足舐め"
  ],
  "file_path": "C:\\Users\\kym23\\AppData\\Local\\Programs\\pixiv\\pixiv_novels\\text_date\\00022.txt"
}