{
  "id": 39,
  "title": "姉さまはいつもお堅くて 第七話",
  "author": "扉行広",
  "posted_at": "2010年10月4日 22:43",
  "word_count": 10234,
  "bookmark_count": 104,
  "tags": [
    "R-18",
    "オリジナル",
    "ファンタジー",
    "ふたなり",
    "フェラ",
    "手コキ",
    "こくこく",
    "オリジナルR-18小説10users入り",
    "百合",
    "百合小説50users入り"
  ],
  "file_path": "C:\\Users\\kym23\\AppData\\Local\\Programs\\pixiv\\pixiv_novels\\text_date\\00039.txt"
}