{
  "id": 35,
  "title": "常識に囚われない幻想郷　02.ナズーリン",
  "author": "火田",
  "posted_at": "2010年9月25日 19:48",
  "word_count": 2034,
  "bookmark_count": 108,
  "tags": [
    "R-18",
    "ナズーリン",
    "ふたなり",
    "逆フェラ",
    "淫語",
    "東方小説10users入り",
    "東方",
    "常識改変",
    "精飲"
  ],
  "file_path": "C:\\Users\\kym23\\AppData\\Local\\Programs\\pixiv\\pixiv_novels\\text_date\\00035.txt"
}