{
  "id": 38,
  "title": "姉さまはいつもお堅くて 第六話",
  "author": "扉行広",
  "posted_at": "2010年10月3日 00:22",
  "word_count": 19997,
  "bookmark_count": 191,
  "tags": [
    "R-18",
    "オリジナル",
    "ファンタジー",
    "ふたなり",
    "くぱぁ",
    "中出し",
    "擬似緊縛",
    "オリジナルR-18小説10users入り",
    "百合",
    "百合小説50users入り"
  ],
  "file_path": "C:\\Users\\kym23\\AppData\\Local\\Programs\\pixiv\\pixiv_novels\\text_date\\00038.txt"
}