{
  "id": 43,
  "title": "姉妹相姦の儀式",
  "author": "下級奉仕種族",
  "posted_at": "2010年10月6日 07:56",
  "word_count": 12756,
  "bookmark_count": 369,
  "tags": [
    "R-18",
    "東方",
    "レミリア",
    "フランドール",
    "レミフラ",
    "フラレミ",
    "妊娠",
    "ふたなり",
    "東方小説100users入り",
    "フランドール・スカーレット"
  ],
  "file_path": "C:\\Users\\kym23\\AppData\\Local\\Programs\\pixiv\\pixiv_novels\\text_date\\00043.txt"
}