{
  "id": 42,
  "title": "愛欲の呪い(咲美編)",
  "author": "下級奉仕種族",
  "posted_at": "2010年10月6日 07:43",
  "word_count": 13670,
  "bookmark_count": 169,
  "tags": [
    "R-18",
    "東方",
    "美鈴",
    "咲夜",
    "めーさく",
    "さくめー",
    "ふたなり",
    "十六夜咲夜",
    "紅美鈴",
    "東方小説100users入り"
  ],
  "file_path": "C:\\Users\\kym23\\AppData\\Local\\Programs\\pixiv\\pixiv_novels\\text_date\\00042.txt"
}