{
  "id": 49,
  "title": "ふたなりビビ×ふたなりミス・バレンタイン",
  "author": "西遊記（改名で漢字に）",
  "posted_at": "2010年10月12日 20:04",
  "word_count": 3805,
  "bookmark_count": 57,
  "tags": [
    "R-18",
    "ワンピース",
    "ミス・バレンタイン",
    "ビビ",
    "ふたなり",
    "包茎",
    "淫語",
    "ネフェルタリ・ビビ"
  ],
  "file_path": "C:\\Users\\kym23\\AppData\\Local\\Programs\\pixiv\\pixiv_novels\\text_date\\00049.txt"
}