{
  "id": 47,
  "title": "ふたなりナミ×ふたなりロビン　トコロテンファック",
  "author": "西遊記（改名で漢字に）",
  "posted_at": "2010年10月12日 18:44",
  "word_count": 1834,
  "bookmark_count": 50,
  "tags": [
    "R-18",
    "ワンピース",
    "ロビン",
    "ナミ",
    "ふたなり",
    "包茎",
    "みさくら",
    "淫語"
  ],
  "file_path": "C:\\Users\\kym23\\AppData\\Local\\Programs\\pixiv\\pixiv_novels\\text_date\\00047.txt"
}