{
  "id": 59,
  "title": "フタナリ娘が、洗濯カゴにチンポ刺したまま歩くだけ",
  "author": "西遊記（改名で漢字に）",
  "posted_at": "2010年10月28日 22:06",
  "word_count": 2338,
  "bookmark_count": 134,
  "tags": [
    "R-18",
    "ふたなり",
    "オナニー",
    "大量射精",
    "淫語",
    "オリジナルR-18小説10users入り"
  ],
  "file_path": "C:\\Users\\kym23\\AppData\\Local\\Programs\\pixiv\\pixiv_novels\\text_date\\00059.txt"
}