{
  "id": 58,
  "title": "(妖怪パロ)今宵蝶は、狐と交わる",
  "author": "クワガタ",
  "posted_at": "2010年10月26日 17:36",
  "word_count": 6513,
  "bookmark_count": 65,
  "tags": [
    "R-18",
    "三吉",
    "大谷吉継",
    "石田三成",
    "妖怪パロ",
    "はあ…もう冬か…(バッ",
    "もっと遠くにいっていいのよ",
    "戦国BASARA小説50users入り"
  ],
  "file_path": "C:\\Users\\kym23\\AppData\\Local\\Programs\\pixiv\\pixiv_novels\\text_date\\00058.txt"
}