{
  "id": 56,
  "title": "ふたなりオムツ女子高生が、電車で擦りつけ痴漢",
  "author": "西遊記（改名で漢字に）",
  "posted_at": "2010年10月25日 17:23",
  "word_count": 1982,
  "bookmark_count": 248,
  "tags": [
    "R-18",
    "ふたなり",
    "淫語",
    "オムツ",
    "オナニー",
    "大量射精",
    "痴漢",
    "レズ",
    "オリジナルR-18小説10users入り"
  ],
  "file_path": "C:\\Users\\kym23\\AppData\\Local\\Programs\\pixiv\\pixiv_novels\\text_date\\00056.txt"
}