{
  "id": 51,
  "title": "堕ちた母とその娘の性活",
  "author": "黒鹿",
  "posted_at": "2010年10月21日 01:06",
  "word_count": 2502,
  "bookmark_count": 102,
  "tags": [
    "R-18",
    "東方悪堕ち",
    "悪堕ちIF東方",
    "ふたなり",
    "堕麗歌",
    "堕霊夢",
    "堕霊歌",
    "母娘",
    "東方小説30users入り",
    "二穴責め"
  ],
  "file_path": "C:\\Users\\kym23\\AppData\\Local\\Programs\\pixiv\\pixiv_novels\\text_date\\00051.txt"
}