{
  "id": 60,
  "title": "フタナリ女子高生が、男子用小便器に立ち射精するだけ",
  "author": "西遊記（改名で漢字に）",
  "posted_at": "2010年10月29日 04:28",
  "word_count": 2358,
  "bookmark_count": 139,
  "tags": [
    "R-18",
    "ふたなり",
    "淫語",
    "立ち射精",
    "大量",
    "オリジナルR-18小説10users入り"
  ],
  "file_path": "C:\\Users\\kym23\\AppData\\Local\\Programs\\pixiv\\pixiv_novels\\text_date\\00060.txt"
}