{
  "id": 68,
  "title": "常識に囚われない幻想郷　16.火焔猫燐",
  "author": "火田",
  "posted_at": "2010年11月8日 20:46",
  "word_count": 2298,
  "bookmark_count": 75,
  "tags": [
    "R-18",
    "ふたなり",
    "複根",
    "淫語",
    "火焔猫燐",
    "ふた×男",
    "東方小説10users入り",
    "常識改変",
    "兜合わせ"
  ],
  "file_path": "C:\\Users\\kym23\\AppData\\Local\\Programs\\pixiv\\pixiv_novels\\text_date\\00068.txt"
}