{
  "id": 62,
  "title": "変脳レストラン　開店準備　ライダー編",
  "author": "ヤドカリ",
  "posted_at": "2010年11月2日 04:23",
  "word_count": 3314,
  "bookmark_count": 75,
  "tags": [
    "R-18G",
    "変態洗脳",
    "臭いフェチ",
    "セイバー",
    "ライダー",
    "ふたなり",
    "巨玉",
    "変脳レストラン",
    "酢メル徒",
    "Fate/staynight"
  ],
  "file_path": "C:\\Users\\kym23\\AppData\\Local\\Programs\\pixiv\\pixiv_novels\\text_date\\00062.txt"
}