{
  "id": 77,
  "title": "ダークマーキュリー2",
  "author": "ゆう",
  "posted_at": "2010年12月12日 02:10",
  "word_count": 2274,
  "bookmark_count": 162,
  "tags": [
    "R-18",
    "悪堕ち",
    "洗脳",
    "催眠",
    "セーラームーン",
    "ふたなり",
    "美少女戦士セーラームーン",
    "セーラーマーキュリー",
    "水野亜美"
  ],
  "file_path": "C:\\Users\\kym23\\AppData\\Local\\Programs\\pixiv\\pixiv_novels\\text_date\\00077.txt"
}