{
  "id": 74,
  "title": "セーラーウラヌス、ネプチューン悪堕ち",
  "author": "ゆう",
  "posted_at": "2010年11月26日 22:33",
  "word_count": 3528,
  "bookmark_count": 289,
  "tags": [
    "R-18",
    "悪堕ち",
    "洗脳",
    "催眠",
    "セーラームーン",
    "ふたなり",
    "美少女戦士セーラームーン",
    "セーラーウラヌス",
    "セーラーネプチューン",
    "快楽堕ち"
  ],
  "file_path": "C:\\Users\\kym23\\AppData\\Local\\Programs\\pixiv\\pixiv_novels\\text_date\\00074.txt"
}