{
  "id": 72,
  "title": "常識に囚われない幻想郷　17.アリス・マーガトロイド",
  "author": "火田",
  "posted_at": "2010年11月18日 23:59",
  "word_count": 5003,
  "bookmark_count": 109,
  "tags": [
    "R-18",
    "ふたなり",
    "東方",
    "アリス・マーガトロイド",
    "オナホール",
    "ツンデレ",
    "東方小説10users入り",
    "常識改変"
  ],
  "file_path": "C:\\Users\\kym23\\AppData\\Local\\Programs\\pixiv\\pixiv_novels\\text_date\\00072.txt"
}