{
  "id": 81,
  "title": "常識に囚われない幻想郷　22.霧雨魔理沙2",
  "author": "火田",
  "posted_at": "2010年12月22日 21:13",
  "word_count": 4808,
  "bookmark_count": 70,
  "tags": [
    "R-18",
    "東方",
    "淫語",
    "八頭身魔理沙",
    "霧雨魔理沙",
    "ふたなり",
    "セルフパイズリ",
    "東方小説10users入り",
    "常識改変",
    "キノコ狩り"
  ],
  "file_path": "C:\\Users\\kym23\\AppData\\Local\\Programs\\pixiv\\pixiv_novels\\text_date\\00081.txt"
}