{
  "id": 89,
  "title": "天使の気持ち",
  "author": "のみ・ざ・はっと",
  "posted_at": "2011年2月8日 00:29",
  "word_count": 21009,
  "bookmark_count": 98,
  "tags": [
    "R-18",
    "エルシャダイ女性向け",
    "両性ルシ",
    "神ルシ",
    "ルシフェル",
    "イーノック",
    "ミカエル",
    "エルシャダイ50users入り"
  ],
  "file_path": "C:\\Users\\kym23\\AppData\\Local\\Programs\\pixiv\\pixiv_novels\\text_date\\00089.txt"
}