{
  "id": 80,
  "title": "常識に囚われない幻想郷　21.霧雨魔理沙",
  "author": "火田",
  "posted_at": "2010年12月22日 20:17",
  "word_count": 3149,
  "bookmark_count": 68,
  "tags": [
    "R-18",
    "ふたなり",
    "ニプルファック",
    "東方",
    "淫語",
    "霧雨魔理沙",
    "八頭身魔理沙",
    "東方小説10users入り",
    "常識改変",
    "和輪姦"
  ],
  "file_path": "C:\\Users\\kym23\\AppData\\Local\\Programs\\pixiv\\pixiv_novels\\text_date\\00080.txt"
}