{
  "id": 92,
  "title": "【現在樂識混沌妄想劇場】KEMONO・HAZARD",
  "author": "現在樂識",
  "posted_at": "2011年2月12日 17:43",
  "word_count": 22668,
  "bookmark_count": 130,
  "tags": [
    "R-18G",
    "現在樂識混沌妄想劇場",
    "獣化",
    "ふたなり",
    "女体化",
    "肥満化",
    "老化",
    "超乳",
    "超尻",
    "ぶっともも"
  ],
  "file_path": "C:\\Users\\kym23\\AppData\\Local\\Programs\\pixiv\\pixiv_novels\\text_date\\00092.txt"
}