{
  "id": 96,
  "title": "エレベーターに乗って",
  "author": "カズロウ",
  "posted_at": "2011年2月21日 19:09",
  "word_count": 6578,
  "bookmark_count": 151,
  "tags": [
    "R-18",
    "ふたなり",
    "オリジナル",
    "超乳",
    "長身女性",
    "続編希望",
    "リアルGTS",
    "恋愛",
    "怪力女子高生",
    "筋肉女子高生"
  ],
  "file_path": "C:\\Users\\kym23\\AppData\\Local\\Programs\\pixiv\\pixiv_novels\\text_date\\00096.txt"
}