{
  "id": 97,
  "title": "【男性向け】超昂閃忍ハルカ　～カラミティハルカの復讐！～【２】",
  "author": "テム / tem",
  "posted_at": "2011年3月3日 17:59",
  "word_count": 21823,
  "bookmark_count": 77,
  "tags": [
    "R-18",
    "アリスソフト",
    "超昂閃忍ハルカ",
    "おしっこ",
    "男性向け",
    "陵辱",
    "食ザー",
    "ふたなり",
    "ロリ",
    "撮影"
  ],
  "file_path": "C:\\Users\\kym23\\AppData\\Local\\Programs\\pixiv\\pixiv_novels\\text_date\\00097.txt"
}