{
  "id": 90,
  "title": "【男性向け】超昂閃忍ハルカ　～カラミティハルカの復讐！～【１】",
  "author": "テム / tem",
  "posted_at": "2011年2月11日 17:25",
  "word_count": 28201,
  "bookmark_count": 274,
  "tags": [
    "R-18",
    "アリスソフト",
    "超昂閃忍ハルカ",
    "フェラチオ",
    "男性向け",
    "陵辱",
    "ふたなり",
    "ロリ",
    "チンカス",
    "中出し"
  ],
  "file_path": "C:\\Users\\kym23\\AppData\\Local\\Programs\\pixiv\\pixiv_novels\\text_date\\00090.txt"
}