{
  "id": 108,
  "title": "【男性向け】超昂閃忍ハルカ　～カラミティハルカの復讐！～【５】",
  "author": "テム / tem",
  "posted_at": "2011年3月30日 08:28",
  "word_count": 21950,
  "bookmark_count": 50,
  "tags": [
    "R-18",
    "男性向け",
    "アリスソフト",
    "超昂閃忍ハルカ",
    "陵辱",
    "ふたなり",
    "ロリ",
    "おしっこ",
    "腋",
    "パイパン"
  ],
  "file_path": "C:\\Users\\kym23\\AppData\\Local\\Programs\\pixiv\\pixiv_novels\\text_date\\00108.txt"
}