{
  "id": 100,
  "title": "八雲紫のタマ比べ・裏",
  "author": "火田",
  "posted_at": "2011年3月15日 17:02",
  "word_count": 3710,
  "bookmark_count": 138,
  "tags": [
    "R-18",
    "ふたなり",
    "タマズリ",
    "星熊勇儀",
    "聖白蓮",
    "風見幽香",
    "レティ・ホワイトロック",
    "淫語",
    "東方",
    "東方小説10users入り"
  ],
  "file_path": "C:\\Users\\kym23\\AppData\\Local\\Programs\\pixiv\\pixiv_novels\\text_date\\00100.txt"
}