{
  "id": 104,
  "title": "常識に囚われない幻想郷　32.八雲紫4",
  "author": "火田",
  "posted_at": "2011年3月23日 22:45",
  "word_count": 6147,
  "bookmark_count": 142,
  "tags": [
    "R-18",
    "ふたなり",
    "八雲紫",
    "東方",
    "淫語",
    "玉責め",
    "MC",
    "エロ蹲踞",
    "ダブルピース",
    "東方小説30users入り"
  ],
  "file_path": "C:\\Users\\kym23\\AppData\\Local\\Programs\\pixiv\\pixiv_novels\\text_date\\00104.txt"
}