{
  "id": 116,
  "title": "Walpurgisnacht ～狂宴～",
  "author": "謎のザコ",
  "posted_at": "2011年4月12日 20:26",
  "word_count": 29941,
  "bookmark_count": 475,
  "tags": [
    "R-18",
    "魔法少女まどか☆マギカ",
    "まどか☆マギカ小説100users入り",
    "まどか☆マギカ小説50users入り",
    "ふたなり",
    "触手",
    "悪堕ち",
    "鹿目まどか",
    "暁美ほむら",
    "巴マミ"
  ],
  "file_path": "C:\\Users\\kym23\\AppData\\Local\\Programs\\pixiv\\pixiv_novels\\text_date\\00116.txt"
}