{
  "id": 110,
  "title": "常識に囚われない幻想郷　特別編02「射命丸文」",
  "author": "火田",
  "posted_at": "2011年4月3日 23:39",
  "word_count": 7369,
  "bookmark_count": 172,
  "tags": [
    "R-18",
    "東方",
    "MC",
    "淫語",
    "射命丸文",
    "東風谷早苗",
    "ふたなり",
    "東方小説50users入り",
    "常識改変",
    "童貞喪失"
  ],
  "file_path": "C:\\Users\\kym23\\AppData\\Local\\Programs\\pixiv\\pixiv_novels\\text_date\\00110.txt"
}