{
  "id": 111,
  "title": "常識に囚われない幻想郷　特別編03「博麗霊夢」",
  "author": "火田",
  "posted_at": "2011年4月4日 21:37",
  "word_count": 4763,
  "bookmark_count": 99,
  "tags": [
    "R-18",
    "東方",
    "淫語",
    "東風谷早苗",
    "博麗霊夢",
    "腋巫女",
    "ふたなり",
    "東方小説30users入り",
    "常識改変",
    "腋舐め"
  ],
  "file_path": "C:\\Users\\kym23\\AppData\\Local\\Programs\\pixiv\\pixiv_novels\\text_date\\00111.txt"
}