{
  "id": 118,
  "title": "常識に囚われない幻想郷　特別編05「上白沢慧音」",
  "author": "火田",
  "posted_at": "2011年4月16日 21:52",
  "word_count": 10807,
  "bookmark_count": 115,
  "tags": [
    "R-18",
    "ふたなり",
    "東風谷早苗",
    "東方",
    "淫語",
    "上白沢慧音",
    "ダブルピース",
    "東方小説30users入り",
    "常識改変",
    "アヘ顔ダブルピース"
  ],
  "file_path": "C:\\Users\\kym23\\AppData\\Local\\Programs\\pixiv\\pixiv_novels\\text_date\\00118.txt"
}