{
  "id": 113,
  "title": "【男性向け】超昂閃忍ハルカ　～カラミティハルカの復讐！～【７】",
  "author": "テム / tem",
  "posted_at": "2011年4月7日 06:40",
  "word_count": 27574,
  "bookmark_count": 81,
  "tags": [
    "R-18",
    "男性向け",
    "超昂閃忍ハルカ",
    "ふたなり",
    "オナニー",
    "セルフフェラ",
    "チンカス",
    "アナルセックス",
    "おしっこ",
    "アリスソフト"
  ],
  "file_path": "C:\\Users\\kym23\\AppData\\Local\\Programs\\pixiv\\pixiv_novels\\text_date\\00113.txt"
}