{
  "id": 114,
  "title": "常識に囚われない幻想郷　特別編04「八雲紫」",
  "author": "火田",
  "posted_at": "2011年4月7日 22:26",
  "word_count": 10067,
  "bookmark_count": 196,
  "tags": [
    "R-18",
    "ふたなり",
    "八雲紫",
    "東風谷早苗",
    "東方",
    "淫語",
    "尿道ファック",
    "東方小説50users入り",
    "常識改変",
    "チンポインチンポ"
  ],
  "file_path": "C:\\Users\\kym23\\AppData\\Local\\Programs\\pixiv\\pixiv_novels\\text_date\\00114.txt"
}