{
  "id": 128,
  "title": "トラウマティックガールLovers",
  "author": "麻宮ミヤネ",
  "posted_at": "2011年5月4日 20:40",
  "word_count": 12071,
  "bookmark_count": 63,
  "tags": [
    "R-18",
    "東方",
    "淫語",
    "痴女攻め",
    "ふたなり受け",
    "聖白蓮",
    "古明地さとり",
    "セリフのみの掛け合い",
    "東方小説10users入り",
    "女×ふた"
  ],
  "file_path": "C:\\Users\\kym23\\AppData\\Local\\Programs\\pixiv\\pixiv_novels\\text_date\\00128.txt"
}