{
  "id": 121,
  "title": "魔理沙拉致監禁レイプ未満",
  "author": "麻宮ミヤネ",
  "posted_at": "2011年4月26日 06:01",
  "word_count": 7907,
  "bookmark_count": 50,
  "tags": [
    "R-18",
    "アリス・マーガトロイド",
    "霧雨魔理沙",
    "百合",
    "ラブラブ",
    "ふたなり",
    "東方",
    "東方小説10users入り",
    "女×ふた"
  ],
  "file_path": "C:\\Users\\kym23\\AppData\\Local\\Programs\\pixiv\\pixiv_novels\\text_date\\00121.txt"
}