{
  "id": 120,
  "title": "ふたなりさとり様とイチャイチャしてみた！",
  "author": "麻宮ミヤネ",
  "posted_at": "2011年4月26日 05:22",
  "word_count": 5668,
  "bookmark_count": 112,
  "tags": [
    "R-18",
    "東方",
    "淫語",
    "二人称",
    "古明地さとり",
    "ふたなり",
    "東方小説10users入り",
    "兜合わせ"
  ],
  "file_path": "C:\\Users\\kym23\\AppData\\Local\\Programs\\pixiv\\pixiv_novels\\text_date\\00120.txt"
}