{
  "id": 127,
  "title": "古明地姉妹のとっても美味しい朝ご飯！",
  "author": "麻宮ミヤネ",
  "posted_at": "2011年5月3日 22:18",
  "word_count": 5772,
  "bookmark_count": 75,
  "tags": [
    "R-18",
    "東方",
    "古明地さとり",
    "古明地こいし",
    "淫語",
    "ゲロ",
    "ふたなり",
    "チンカス",
    "放尿",
    "東方小説10users入り"
  ],
  "file_path": "C:\\Users\\kym23\\AppData\\Local\\Programs\\pixiv\\pixiv_novels\\text_date\\00127.txt"
}