{
  "id": 123,
  "title": "秘密結社レオンテール",
  "author": "elder（エルダー）",
  "posted_at": "2011年4月30日 09:54",
  "word_count": 14788,
  "bookmark_count": 186,
  "tags": [
    "R-18",
    "改造",
    "ふたなり",
    "輪姦",
    "乱交",
    "爆乳",
    "複根",
    "キューティーハニーパロディ",
    "レオンテール",
    "女怪人"
  ],
  "file_path": "C:\\Users\\kym23\\AppData\\Local\\Programs\\pixiv\\pixiv_novels\\text_date\\00123.txt"
}