{
  "id": 129,
  "title": "魔理沙の脳みそを犯すっ、犯、犯すっ、犯すのっ、犯すのぉっ！",
  "author": "麻宮ミヤネ",
  "posted_at": "2011年5月7日 12:17",
  "word_count": 11412,
  "bookmark_count": 85,
  "tags": [
    "R-18",
    "R-18G",
    "東方",
    "アリス・マーガトロイド",
    "霧雨魔理沙",
    "河城にとり",
    "脳姦",
    "ふたなり",
    "ゲロ",
    "アナル",
    "淫語"
  ],
  "file_path": "C:\\Users\\kym23\\AppData\\Local\\Programs\\pixiv\\pixiv_novels\\text_date\\00129.txt"
}