{
  "id": 138,
  "title": "八雲紫のタマ比べ2・裏",
  "author": "火田",
  "posted_at": "2011年6月2日 22:58",
  "word_count": 7049,
  "bookmark_count": 95,
  "tags": [
    "R-18",
    "ふたなり",
    "タマズリ",
    "東方",
    "淫語",
    "紅美鈴",
    "八坂神奈子",
    "八意永琳",
    "西行寺幽々子",
    "東方小説10users入り"
  ],
  "file_path": "C:\\Users\\kym23\\AppData\\Local\\Programs\\pixiv\\pixiv_novels\\text_date\\00138.txt"
}