{
  "id": 131,
  "title": "【男性向け】超昂閃忍ハルカ　～カラミティハルカの復讐！～【９】",
  "author": "テム / tem",
  "posted_at": "2011年5月9日 11:30",
  "word_count": 22964,
  "bookmark_count": 74,
  "tags": [
    "R-18",
    "超昂閃忍ハルカ",
    "男性向け",
    "アリスソフト",
    "ふたなり",
    "触手",
    "おしっこ",
    "三穴",
    "耳姦",
    "鼻姦"
  ],
  "file_path": "C:\\Users\\kym23\\AppData\\Local\\Programs\\pixiv\\pixiv_novels\\text_date\\00131.txt"
}