{
  "id": 136,
  "title": "姉さまはいつもお堅くて 第九話",
  "author": "扉行広",
  "posted_at": "2011年5月17日 20:36",
  "word_count": 15066,
  "bookmark_count": 95,
  "tags": [
    "R-18",
    "オリジナル",
    "ファンタジー",
    "ふたなり",
    "ぺろぺろ",
    "食道",
    "ラブラブ",
    "オリジナルR-18小説10users入り",
    "百合",
    "百合小説50users入り"
  ],
  "file_path": "C:\\Users\\kym23\\AppData\\Local\\Programs\\pixiv\\pixiv_novels\\text_date\\00136.txt"
}