{
  "id": 134,
  "title": "光臨天使エンシェル・レナ～ふたなり快楽自慰～",
  "author": "ねいてぃぶ",
  "posted_at": "2011年5月15日 17:45",
  "word_count": 5802,
  "bookmark_count": 98,
  "tags": [
    "R-18",
    "光臨天使",
    "光臨天使エンシェル・レナ",
    "魔法戦士",
    "ふたなり",
    "自慰",
    "Triangle",
    "変身ヒロイン",
    "3Dカスタム少女",
    "エンシェルレナ"
  ],
  "file_path": "C:\\Users\\kym23\\AppData\\Local\\Programs\\pixiv\\pixiv_novels\\text_date\\00134.txt"
}