{
  "id": 130,
  "title": "【男性向け】超昂閃忍ハルカ　～カラミティハルカの復讐！～【８】",
  "author": "テム / tem",
  "posted_at": "2011年5月9日 11:17",
  "word_count": 13173,
  "bookmark_count": 57,
  "tags": [
    "R-18",
    "超昂閃忍ハルカ",
    "アリスソフト",
    "ふたなり",
    "オナニー",
    "男性向け",
    "幼児化",
    "母乳",
    "逆レイプ",
    "中出し"
  ],
  "file_path": "C:\\Users\\kym23\\AppData\\Local\\Programs\\pixiv\\pixiv_novels\\text_date\\00130.txt"
}