{
  "id": 143,
  "title": "東方艶文録 ～ 陰陽の巫女 ～　弐",
  "author": "謎のザコ",
  "posted_at": "2011年6月10日 00:18",
  "word_count": 26362,
  "bookmark_count": 70,
  "tags": [
    "R-18",
    "東方",
    "二次創作",
    "小説",
    "SS",
    "ふたなり",
    "博麗霊夢",
    "霧雨魔理沙",
    "アリス・マーガトロイド",
    "レイアリ"
  ],
  "file_path": "C:\\Users\\kym23\\AppData\\Local\\Programs\\pixiv\\pixiv_novels\\text_date\\00143.txt"
}