{
  "id": 149,
  "title": "東方艶文録 ～ 陰陽の巫女 ～　伍",
  "author": "謎のザコ",
  "posted_at": "2011年6月20日 00:08",
  "word_count": 26972,
  "bookmark_count": 76,
  "tags": [
    "R-18",
    "東方",
    "二次創作",
    "小説",
    "SS",
    "ふたなり",
    "霊夢",
    "魔理沙",
    "愛されいむ",
    "東方小説10users入り"
  ],
  "file_path": "C:\\Users\\kym23\\AppData\\Local\\Programs\\pixiv\\pixiv_novels\\text_date\\00149.txt"
}