{
  "id": 142,
  "title": "東方艶文録 ～ 陰陽の巫女 ～　壱",
  "author": "謎のザコ",
  "posted_at": "2011年6月7日 01:19",
  "word_count": 20579,
  "bookmark_count": 270,
  "tags": [
    "R-18",
    "東方",
    "二次創作",
    "小説",
    "SS",
    "ふたなり",
    "博麗霊夢",
    "霧雨魔理沙",
    "東方小説100users入り",
    "レイマリ"
  ],
  "file_path": "C:\\Users\\kym23\\AppData\\Local\\Programs\\pixiv\\pixiv_novels\\text_date\\00142.txt"
}