{
  "id": 152,
  "title": "常識に囚われない幻想郷　特別編06「永江衣玖」",
  "author": "火田",
  "posted_at": "2011年6月25日 23:00",
  "word_count": 9057,
  "bookmark_count": 134,
  "tags": [
    "R-18",
    "MC",
    "ふたなり",
    "フェラ",
    "東風谷早苗",
    "東方",
    "淫語",
    "永江衣玖",
    "パイズリ",
    "東方小説50users入り"
  ],
  "file_path": "C:\\Users\\kym23\\AppData\\Local\\Programs\\pixiv\\pixiv_novels\\text_date\\00152.txt"
}