{
  "id": 150,
  "title": "ズッパ・イングレーゼ",
  "author": "さーとぅん",
  "posted_at": "2011年6月20日 23:47",
  "word_count": 6720,
  "bookmark_count": 107,
  "tags": [
    "R-18",
    "魔法少女まどか☆マギカ",
    "マミあん",
    "まどか☆マギカ小説50users入り",
    "百合",
    "ふたなり",
    "消したら契約",
    "杏マミ",
    "あんマミ"
  ],
  "file_path": "C:\\Users\\kym23\\AppData\\Local\\Programs\\pixiv\\pixiv_novels\\text_date\\00150.txt"
}