{
  "id": 151,
  "title": "宵闇のルクスリア〜11eyes 草壁美鈴ふたなり陵辱〜",
  "author": "柳生",
  "posted_at": "2011年6月25日 08:08",
  "word_count": 10070,
  "bookmark_count": 63,
  "tags": [
    "R-18",
    "ふたなり",
    "草壁美鈴",
    "足コキ",
    "蟲姦",
    "フェラ",
    "緊縛",
    "射精封じ",
    "バッドエンド",
    "水無瀬ゆか"
  ],
  "file_path": "C:\\Users\\kym23\\AppData\\Local\\Programs\\pixiv\\pixiv_novels\\text_date\\00151.txt"
}