{
  "id": 154,
  "title": "仙人の本分、華扇と霊夢、修行と性欲。",
  "author": "麻宮ミヤネ",
  "posted_at": "2011年6月29日 21:58",
  "word_count": 7592,
  "bookmark_count": 75,
  "tags": [
    "R-18",
    "東方",
    "茨木華扇",
    "博麗霊夢",
    "ふたなり",
    "視姦",
    "オナホール",
    "東方小説10users入り",
    "華霊",
    "兜合わせ"
  ],
  "file_path": "C:\\Users\\kym23\\AppData\\Local\\Programs\\pixiv\\pixiv_novels\\text_date\\00154.txt"
}