{
  "id": 153,
  "title": "今日は君達に有意義な話を持って来たんだ。",
  "author": "タカズタカ",
  "posted_at": "2011年6月26日 10:09",
  "word_count": 7236,
  "bookmark_count": 57,
  "tags": [
    "R-18",
    "魔法少女まどか☆マギカ",
    "ふたなり",
    "鹿目まどか",
    "暁美ほむら",
    "まどほむ",
    "謎の白い液体"
  ],
  "file_path": "C:\\Users\\kym23\\AppData\\Local\\Programs\\pixiv\\pixiv_novels\\text_date\\00153.txt"
}