{
  "id": 168,
  "title": "常識に囚われない幻想郷　41.アリス・マーガトロイド2",
  "author": "火田",
  "posted_at": "2011年7月16日 19:15",
  "word_count": 2525,
  "bookmark_count": 85,
  "tags": [
    "R-18",
    "ふたなり",
    "アリス・マーガトロイド",
    "東方",
    "淫語",
    "逆フェラ",
    "東方小説30users入り"
  ],
  "file_path": "C:\\Users\\kym23\\AppData\\Local\\Programs\\pixiv\\pixiv_novels\\text_date\\00168.txt"
}