{
  "id": 162,
  "title": "常識に囚われない幻想郷　39.四季映姫・ヤマザナドゥ",
  "author": "火田",
  "posted_at": "2011年7月7日 23:56",
  "word_count": 5654,
  "bookmark_count": 112,
  "tags": [
    "R-18",
    "ふたなり",
    "タマズリ",
    "東方",
    "淫語",
    "玉責め",
    "四季映姫",
    "四季映姫・ヤマザナドゥ",
    "東方小説30users入り"
  ],
  "file_path": "C:\\Users\\kym23\\AppData\\Local\\Programs\\pixiv\\pixiv_novels\\text_date\\00162.txt"
}