{
  "id": 166,
  "title": "調教日誌・ロウエン版④",
  "author": "月宮ユウ",
  "posted_at": "2011年7月12日 17:14",
  "word_count": 9005,
  "bookmark_count": 145,
  "tags": [
    "R-18",
    "獣人",
    "ケモホモ",
    "オスケモ",
    "調教",
    "ふたなり化",
    "妊娠",
    "出産",
    "そして(陵辱の)日常へ",
    "ケモホモ小説30users入り"
  ],
  "file_path": "C:\\Users\\kym23\\AppData\\Local\\Programs\\pixiv\\pixiv_novels\\text_date\\00166.txt"
}