{
  "id": 163,
  "title": "葵ちゃんパニック！？（ネイト・ミトツダイラの場合）",
  "author": "文月＠しらたま",
  "posted_at": "2011年7月8日 02:21",
  "word_count": 3549,
  "bookmark_count": 57,
  "tags": [
    "R-18",
    "二次創作",
    "境界線上のホライゾン",
    "葵・トーリ",
    "ネイト・ミトツダイラ",
    "ふたなり",
    "TS",
    "川上稔",
    "女体化",
    "境ホラ小説10users入り"
  ],
  "file_path": "C:\\Users\\kym23\\AppData\\Local\\Programs\\pixiv\\pixiv_novels\\text_date\\00163.txt"
}