{
  "id": 164,
  "title": "【東方】フラン快楽木馬責め",
  "author": "グラーフ",
  "posted_at": "2011年7月9日 11:58",
  "word_count": 5565,
  "bookmark_count": 62,
  "tags": [
    "R-18",
    "東方",
    "小説",
    "二次創作",
    "フランドール・スカーレット",
    "十六夜咲夜",
    "三角木馬",
    "ふたなり",
    "東方小説10users入り"
  ],
  "file_path": "C:\\Users\\kym23\\AppData\\Local\\Programs\\pixiv\\pixiv_novels\\text_date\\00164.txt"
}