{
  "id": 175,
  "title": "興味と好奇心",
  "author": "つつじー",
  "posted_at": "2011年7月24日 16:59",
  "word_count": 25374,
  "bookmark_count": 93,
  "tags": [
    "R-18",
    "東方",
    "パチュリー",
    "チルノ",
    "自慰",
    "ふたなり",
    "百合",
    "パチュリー・ノーレッジ",
    "東方小説30users入り",
    "ふた×ふた"
  ],
  "file_path": "C:\\Users\\kym23\\AppData\\Local\\Programs\\pixiv\\pixiv_novels\\text_date\\00175.txt"
}