{
  "id": 177,
  "title": "Magenta Affection",
  "author": "謎のザコ",
  "posted_at": "2011年7月28日 01:49",
  "word_count": 14910,
  "bookmark_count": 277,
  "tags": [
    "R-18",
    "魔法少女まどか☆マギカ",
    "ふたなり",
    "SS",
    "まどか☆マギカ小説100users入り",
    "鹿目まどか",
    "暁美ほむら",
    "まどほむ",
    "まどか☆マギカ小説50users入り",
    "#まどほむ交尾した"
  ],
  "file_path": "C:\\Users\\kym23\\AppData\\Local\\Programs\\pixiv\\pixiv_novels\\text_date\\00177.txt"
}