{
  "id": 176,
  "title": "【東方】わんわん椛",
  "author": "グラーフ",
  "posted_at": "2011年7月27日 21:00",
  "word_count": 6406,
  "bookmark_count": 55,
  "tags": [
    "R-18",
    "東方",
    "二次創作",
    "射命丸文",
    "犬走椛",
    "蜂蜜",
    "わんわん",
    "東方小説10users入り",
    "あやもみ",
    "ふたなり"
  ],
  "file_path": "C:\\Users\\kym23\\AppData\\Local\\Programs\\pixiv\\pixiv_novels\\text_date\\00176.txt"
}