{
  "id": 179,
  "title": "この破痛みだけは、あたしだけのモノだから。",
  "author": "タカズタカ",
  "posted_at": "2011年8月3日 12:10",
  "word_count": 12743,
  "bookmark_count": 55,
  "tags": [
    "R-18",
    "魔法少女まどか☆マギカ",
    "佐倉杏子",
    "美樹さやか",
    "さや杏",
    "杏さや",
    "ふたなり",
    "まどか☆マギカ小説10users入り"
  ],
  "file_path": "C:\\Users\\kym23\\AppData\\Local\\Programs\\pixiv\\pixiv_novels\\text_date\\00179.txt"
}