{
  "id": 185,
  "title": "古明地さとりは妹に逆レイプされるようです",
  "author": "火田",
  "posted_at": "2011年9月1日 13:17",
  "word_count": 7931,
  "bookmark_count": 321,
  "tags": [
    "R-18",
    "ふたなり",
    "古明地さとり",
    "古明地こいし",
    "淫語",
    "逆レイプ",
    "東方",
    "お姉ちゃんペロペロ",
    "こいさと",
    "東方小説100users入り"
  ],
  "file_path": "C:\\Users\\kym23\\AppData\\Local\\Programs\\pixiv\\pixiv_novels\\text_date\\00185.txt"
}