{
  "id": 189,
  "title": "こんな東方のエリョナゲーがあったら良いなあ",
  "author": "だおもん （執筆勢）",
  "posted_at": "2011年9月4日 02:58",
  "word_count": 12399,
  "bookmark_count": 73,
  "tags": [
    "R-18",
    "妖夢",
    "咲夜",
    "リョナ",
    "触手",
    "ふたなり",
    "10001〜20000字",
    "東方",
    "【黒い影vs幻想郷】",
    "さくみょん"
  ],
  "file_path": "C:\\Users\\kym23\\AppData\\Local\\Programs\\pixiv\\pixiv_novels\\text_date\\00189.txt"
}