{
  "id": 187,
  "title": "乙女は虚無（ゼロ）に恋してる～微熱と使い魔～",
  "author": "elder（エルダー）",
  "posted_at": "2011年9月3日 17:20",
  "word_count": 11147,
  "bookmark_count": 109,
  "tags": [
    "R-18",
    "ふたなり",
    "ゼロの使い魔",
    "ルイズ",
    "キュルケ",
    "才人",
    "ゼロ魔小説30users入り"
  ],
  "file_path": "C:\\Users\\kym23\\AppData\\Local\\Programs\\pixiv\\pixiv_novels\\text_date\\00187.txt"
}