{
  "id": 190,
  "title": "【R-18】激しくもっとCrossして【那翔・砂翔】",
  "author": "莉雨",
  "posted_at": "2011年9月8日 23:12",
  "word_count": 6600,
  "bookmark_count": 63,
  "tags": [
    "R-18",
    "うた腐リ",
    "四ノ宮那月",
    "四ノ宮砂月",
    "来栖翔",
    "那翔",
    "砂翔",
    "うた☆プリ小説10users入り",
    "女体化?",
    "ふたなり…?"
  ],
  "file_path": "C:\\Users\\kym23\\AppData\\Local\\Programs\\pixiv\\pixiv_novels\\text_date\\00190.txt"
}