{
  "id": 197,
  "title": "「雨中、二人だけ」（※R-18、ふたなり注意　もこけね）",
  "author": "coro",
  "posted_at": "2011年9月29日 21:42",
  "word_count": 3224,
  "bookmark_count": 156,
  "tags": [
    "R-18",
    "東方",
    "藤原妹紅",
    "上白沢慧音",
    "ふたなり",
    "妹紅",
    "慧音",
    "もこけね",
    "もこけーね",
    "東方小説50users入り"
  ],
  "file_path": "C:\\Users\\kym23\\AppData\\Local\\Programs\\pixiv\\pixiv_novels\\text_date\\00197.txt"
}