{
  "id": 191,
  "title": "八雲紫は幻想郷ふたなりソープにまだ出勤していないようです",
  "author": "火田",
  "posted_at": "2011年9月10日 02:00",
  "word_count": 3194,
  "bookmark_count": 113,
  "tags": [
    "R-18",
    "東方",
    "ふたなり",
    "八意永琳",
    "淫語",
    "西行寺幽々子",
    "風見幽香",
    "東方小説10users入り"
  ],
  "file_path": "C:\\Users\\kym23\\AppData\\Local\\Programs\\pixiv\\pixiv_novels\\text_date\\00191.txt"
}