{
  "id": 192,
  "title": "幻想郷ふたなりソープではお客の取り合いが行われるようです",
  "author": "火田",
  "posted_at": "2011年9月10日 23:13",
  "word_count": 20220,
  "bookmark_count": 202,
  "tags": [
    "R-18",
    "ふたなり",
    "タマズリ",
    "八意永琳",
    "東方",
    "淫語",
    "西行寺幽々子",
    "風見幽香",
    "エロ蹲踞",
    "東方小説50users入り"
  ],
  "file_path": "C:\\Users\\kym23\\AppData\\Local\\Programs\\pixiv\\pixiv_novels\\text_date\\00192.txt"
}