{
  "id": 201,
  "title": "八雲紫は媚薬タマブラを装着させられるようです",
  "author": "火田",
  "posted_at": "2011年10月18日 22:50",
  "word_count": 8299,
  "bookmark_count": 504,
  "tags": [
    "R-18",
    "ふたなり",
    "東方",
    "淫語",
    "玉責め",
    "八雲紫",
    "玉ブラ",
    "東方Project",
    "東方小説100users入り"
  ],
  "file_path": "C:\\Users\\kym23\\AppData\\Local\\Programs\\pixiv\\pixiv_novels\\text_date\\00201.txt"
}