{
  "id": 205,
  "title": "Trick and treat",
  "author": "謎のザコ",
  "posted_at": "2011年10月31日 23:53",
  "word_count": 5356,
  "bookmark_count": 153,
  "tags": [
    "R-18",
    "魔法少女まどか☆マギカ",
    "ふたなり",
    "SS",
    "二次創作",
    "まどか☆マギカ小説50users入り",
    "美樹さやか",
    "佐倉杏子",
    "杏さや",
    "まどか☆マギカ小説100users入り"
  ],
  "file_path": "C:\\Users\\kym23\\AppData\\Local\\Programs\\pixiv\\pixiv_novels\\text_date\\00205.txt"
}