{
  "id": 206,
  "title": "所詮肉棒DESTINY",
  "author": "麻宮ミヤネ",
  "posted_at": "2011年11月2日 12:15",
  "word_count": 23836,
  "bookmark_count": 83,
  "tags": [
    "R-18",
    "東方",
    "博麗霊夢/聖白蓮",
    "雲居一輪/幽谷響子",
    "封獣ぬえ",
    "村沙水蜜",
    "虎丸星",
    "ナズーリン",
    "ふたなり",
    "淫語"
  ],
  "file_path": "C:\\Users\\kym23\\AppData\\Local\\Programs\\pixiv\\pixiv_novels\\text_date\\00206.txt"
}