{
  "id": 203,
  "title": "【吸血討伐！ホワイトナイツ】２話【R-18】",
  "author": "しるく",
  "posted_at": "2011年10月22日 20:09",
  "word_count": 20464,
  "bookmark_count": 149,
  "tags": [
    "R-18",
    "悪堕ち",
    "吸血鬼",
    "マントコキ",
    "変身ヒロイン",
    "オリジナル",
    "ふたなり",
    "お漏らしあり",
    "*",
    "百合"
  ],
  "file_path": "C:\\Users\\kym23\\AppData\\Local\\Programs\\pixiv\\pixiv_novels\\text_date\\00203.txt"
}