{
  "id": 213,
  "title": "【AAA】孕ませプロレス　上～中",
  "author": "たいらひろし",
  "posted_at": "2011年11月20日 23:24",
  "word_count": 13291,
  "bookmark_count": 118,
  "tags": [
    "R-18",
    "【AAA】",
    "孕ませ",
    "ふたなり",
    "オリジナルR-18小説50users入り",
    "灰色たいら",
    "オリジナル",
    "もっと評価されるべき",
    "アナル"
  ],
  "file_path": "C:\\Users\\kym23\\AppData\\Local\\Programs\\pixiv\\pixiv_novels\\text_date\\00213.txt"
}