{
  "id": 215,
  "title": "射命丸文と姫海棠はたてはタマ比べされるようです",
  "author": "火田",
  "posted_at": "2011年12月3日 00:13",
  "word_count": 14947,
  "bookmark_count": 202,
  "tags": [
    "R-18",
    "ふたなり",
    "東方",
    "淫語",
    "玉責め",
    "姫海棠はたて",
    "射命丸文",
    "MC",
    "東方小説50users入り"
  ],
  "file_path": "C:\\Users\\kym23\\AppData\\Local\\Programs\\pixiv\\pixiv_novels\\text_date\\00215.txt"
}