{
  "id": 211,
  "title": "【陵辱注意】箱の中の",
  "author": "秋月家",
  "posted_at": "2011年11月13日 22:14",
  "word_count": 10599,
  "bookmark_count": 240,
  "tags": [
    "R-18",
    "東方",
    "霊夢",
    "魔理沙",
    "レイマリ",
    "やんでれいむ",
    "東方小説50users入り",
    "博麗霊夢",
    "霧雨魔理沙",
    "ふたなり"
  ],
  "file_path": "C:\\Users\\kym23\\AppData\\Local\\Programs\\pixiv\\pixiv_novels\\text_date\\00211.txt"
}